title,link,pub_date,category,creator,description,content_html,image,comments,guid
"‘삼성 복귀’ 최형우, KIA·삼성 팬에 진심 담은 자필 편지",https://www.chosun.com/sports/2025/12/03/JS7YI4V4GZDNNEK5ZGBGCMCOQE/,"Wed, 03 Dec 2025 08:00:31 +0000",,김희준,,"<img src=""https://www.chosun.com/resizer/v2/MJRTKNZSHAZDEMBZGE3DCOBSGA.jpg?auth=3ad2078e3d25ddada17fe9fdb17ce55e5e8135e7f218f110bbddfffef367a250&smart=true&width=720&height=539"" alt=""최형우"" height=""539"" width=""720""/><p>KIA 타이거즈에서 9시즌을 뛰고 친정팀 삼성 라이온즈로 복귀하는 최형우가 양 팀 팬들에게 자필 편지로 진심을 전했다.</p>",https://www.chosun.com/resizer/v2/MJRTKNZSHAZDEMBZGE3DCOBSGA.jpg?auth=3ad2078e3d25ddada17fe9fdb17ce55e5e8135e7f218f110bbddfffef367a250&smart=true&width=720&height=539,,https://www.chosun.com/sports/2025/12/03/JS7YI4V4GZDNNEK5ZGBGCMCOQE/
우리집 ‘뚱냥이’도 비만치료제 맞게 되나…개·고양이 전용 ‘위고비’ 속속 나온다,https://www.chosun.com/economy/science/2025/12/03/KJTX7O4AIFEJRLOXTV7UOSAREM/,"Wed, 03 Dec 2025 08:00:00 +0000",,송혜진 기자,,"<img src=""https://www.chosun.com/resizer/v2/H225EZKXI5CMPGTHFWD3H4VZUE.jpg?auth=a8a0b8fc5e35499e71361ea1317628c0723b21b80e601050d6d0704706f9f3eb&smart=true&width=1368&height=912"" alt=""반려동물을 대상을 한 GLP(글루카곤 유사 펩타이드)-1 계열의 비만 치료제가 빠르게 개발되고 있다. /Getty Images"" height=""912"" width=""1368""/><p>우리 집 ‘뚱냥이(비만 고양이)’도 조만간 비만 치료제로 살을 뺄 수 있게 될 전망이다. 미국 제약·바이오 기업들이 ‘위고비’나 ‘마운자로’처럼 GLP(글루카곤 유사 펩타이드)-1 계열의 동물 전용 비만 치료제 개발에 속도를 내고 있기 때문이다. </p>",,,https://www.chosun.com/economy/science/2025/12/03/KJTX7O4AIFEJRLOXTV7UOSAREM/
[오늘의 운세] 12월 4일 목요일 (음력 10월 15일 丁未),https://www.chosun.com/national/national_general/2025/12/03/NFQYJ6FMTJDAVCBOZQLFXODL7U/,"Wed, 03 Dec 2025 08:00:00 +0000",,조선일보,,"<p><div class=""chosun_unse""><iframe src=""https://image.chosun.com/arc/unse_iframe.html"" frameborder=""0"" scrolling=""no"" allow=""accelerometer; autoplay; clipboard-write; encrypted-media; gyroscope; picture-in-picture"" allowfullscreen></iframe></div><style>.chosun_unse{position:relative;width:100%;height:350px;box-sizing:border-box}.chosun_unse>iframe{position:absolute;top:0;left:0;width:100%;height:100%;overflow-y:hidden}@media all and (max-width:1024px){.chosun_unse{height:350px}}@media all and (max-width:1023px){.chosun_unse{height:350px}}@media all and (max-width:528px){.chosun_unse{height:270px}}@media all and (max-width:384px){.chosun_unse{height:190px}}</style><br></p><p>간밤에 좋은 꿈 꾸셨나요?</p>",https://www.chosun.com/resizer/v2/4MTFRYWHBJA7XOKKF7G7JPLX5U.png?auth=4651b5b20b5d4901424204d1456faee02e4b064ff509db23945deabf4404c8ef&smart=true&width=800&height=420,,https://www.chosun.com/national/national_general/2025/12/03/NFQYJ6FMTJDAVCBOZQLFXODL7U/
"3분기 경제성장률 1.3%, 美 관세 영향에 국민총소득 증가율 낮아져 ",https://www.chosun.com/economy/economy_general/2025/12/03/F4HNRLOSMRDETH24V4MS4UC3ZM/,"Tue, 02 Dec 2025 23:02:33 +0000",,김신영 기자,,"<img src=""https://www.chosun.com/resizer/v2/G4ZDQOBTGQYGKMLCGJSWCZRSMQ.jpg?auth=88db2bc475336282e116f2805df6daca47d4c03780eafcca08c6596f9f262866&smart=true&width=5509&height=3491"" alt=""경기 평택시 포승읍 평택항에 수출용 컨테이너들이 쌓여있는 모습. /뉴스1"" height=""3491"" width=""5509""/><p>지난 3분기 실질 경제성장률이 전 분기 대비 1.3%를 기록했다고 한국은행이 3일 발표했다. 2021년 4분기(1.6%) 이후 15분기 만에 가장 높은 성장률이다. 반도체 수출 증가와 건설 투자 확대, 정부가 지급한 소비 쿠폰 등의 영향으로 지난 10월 발표한 속보치보다 0.1%포인트 올랐다. </p>",,,https://www.chosun.com/economy/economy_general/2025/12/03/F4HNRLOSMRDETH24V4MS4UC3ZM/
"개인정보위, 내년 예산 729억원 확정… ‘사후 제재→사전 예방’으로 정책 전환",https://www.chosun.com/economy/tech_it/2025/12/03/MYZWMNBVGE2TGOLEMRRGKYRTGE/,"Wed, 03 Dec 2025 07:58:51 +0000",,이경탁 기자(조선비즈)," 개인정보보호위원회가 2026년 예산을 729억원으로 확정했다고 3일 밝혔다. 올해보다 70억원, 정부안보다 24억원 늘어난 규모로, 개인정보 정책의 무게 중심을 사후 처벌에서 사전 예방으로 옮기겠다는 구상에 따라 관련 예산이 대폭 강화됐다. 개인정보위는 유출·침해 방지와 보안 강화에 109억원을 배정했다. 침해 차단에 77억원, 사고 조사 지원에 24억원","<img src=""https://www.chosun.com/resizer/v2/YUGXKRTJQEZ4BRXHUTT3XXXVYM.jpg?auth=0eb778dd3558e28d3061f383998018fa0b1be9795f475d0d8589adf9664df021&smart=true&width=1417&height=945"" alt=""개인정보보호위원회 제공"" height=""945"" width=""1417""/><p>개인정보보호위원회가 2026년 예산을 729억원으로 확정했다고 3일 밝혔다. 올해보다 70억원, 정부안보다 24억원 늘어난 규모로, 개인정보 정책의 무게 중심을 사후 처벌에서 사전 예방으로 옮기겠다는 구상에 따라 관련 예산이 대폭 강화됐다.</p>",https://www.chosun.com/resizer/v2/YUGXKRTJQEZ4BRXHUTT3XXXVYM.jpg?auth=0eb778dd3558e28d3061f383998018fa0b1be9795f475d0d8589adf9664df021&smart=true&width=1417&height=945,,https://www.chosun.com/economy/tech_it/2025/12/03/MYZWMNBVGE2TGOLEMRRGKYRTGE/
“개판 오분 전” 송성문 일침에 이정후까지 가세 “간절함이 없다”...도대체 키움에 무슨 일이?,https://www.chosun.com/sports/baseball/2025/12/03/GA4WCODGMFTGMNZQGM4DQMBRMU/,"Wed, 03 Dec 2025 07:50:00 +0000",,스포츠조선,,"<img src=""https://www.chosun.com/resizer/v2/HA4TSNRWMFTGKNBYGVRWIOLEHA.jpg?auth=0457677c44cd836bf7b83fb05cf2e21c313c047384e1eae4d5052451a44af1c5&smart=true&width=700&height=383"" alt=""2025 K-BASEBALL SERIES 대한민국과 체코의 평가전이 8일 고척스카이돔에서 열렸다. 이정후가 팬들에게 사인을 해주고 있다. 고척=박재만 기자 pjm@sportschosun.com/2025.11.08/"" height=""383"" width=""700""/><p>“개판 오분 전이다.”</p>",https://www.chosun.com/resizer/v2/K6VPGHWNFRCJVNRSI66W5AFQ3A.jpg?auth=866d979f9580de2c8fb18df545b25d658952e22f22c8c9da15b3f74e700e4c2b&smart=true&width=457&height=257,,https://www.chosun.com/sports/baseball/2025/12/03/GA4WCODGMFTGMNZQGM4DQMBRMU/
"[사진]김고은,'사랑스러운 미소'",https://www.chosun.com/entertainments/entertain_photo/2025/12/03/G4ZGKZBXGNSTSY3BHA3TQOLDGI/,"Wed, 03 Dec 2025 07:58:00 +0000",,OSEN,"[OSEN=민경훈 기자] 3일 오후 서울 용산구 CGV용산아이파크몰에서 넷플릭스 시리즈 '자백의 대가' 언론시사회 및 간담회가 열렸다.‘자백의 대가’(연출 이정효 극본 권종관)는 남편을 죽인 용의자로 몰린 ‘윤수’(전도연 분)와 마녀로 불리는 의문의 인물 ‘모은’, 비밀 많은 두 사람 사이에서 벌어지는 일을 그린 미스터리 스릴러 작품. 극 중 김고은은 감정","<img src=""https://www.chosun.com/resizer/v2/MQ2DSODCGU4DQMBRG44GEODGGU.jpg?auth=7bee9ead2a3e4861b61c592bcd966996f9227ebd4b15b7d4c8df1b09948703b4&smart=true&width=530&height=783"" alt="""" height=""783"" width=""530""/><p><br />[OSEN=민경훈 기자] 3일 오후 서울 용산구 CGV용산아이파크몰에서 넷플릭스 시리즈 '자백의 대가' 언론시사회 및 간담회가 열렸다.</p>",https://www.chosun.com/resizer/v2/MQ2DSODCGU4DQMBRG44GEODGGU.jpg?auth=7bee9ead2a3e4861b61c592bcd966996f9227ebd4b15b7d4c8df1b09948703b4&smart=true&width=530&height=783,,https://www.chosun.com/entertainments/entertain_photo/2025/12/03/G4ZGKZBXGNSTSY3BHA3TQOLDGI/
"내일 서울 첫눈, 눈발 약하게 흩날려",https://www.chosun.com/national/transport-environment/2025/12/03/XMMVXOKNQBF6DHVSB2KYEFA3BE/,"Wed, 03 Dec 2025 07:57:50 +0000",,박상현 기자,,"<img src=""https://www.chosun.com/resizer/v2/GEDE4Y6MMVKUXAJQ5KZAKDYGOI.jpg?auth=fcb6c3a236a285b5adf5ecde5aecc9429d5b433c6c9077673b283f93b2e70432&smart=true&width=6000&height=4000"" alt=""지난달 18일 오전 제주 한라산 국립공원 1100m 고지에 첫눈이 내려 외국인 관광객들이 겨울 정취를 만끽하고 있다. /연합뉴스"" height=""4000"" width=""6000""/><p>4일 서울에 첫눈이 예보됐다. 한겨울 수준의 강추위는 4일 아침까지 이어지다가, 오전부터 비교적 따뜻한 서풍이 불면서 주말까지 차츰 풀릴 것으로 보인다.</p>",,,https://www.chosun.com/national/transport-environment/2025/12/03/XMMVXOKNQBF6DHVSB2KYEFA3BE/
"‘이재명 소년원 의혹 제기’ 강용석, 2심서 징역형 집유",https://www.chosun.com/national/court_law/2025/12/03/WHI57ESP6NAXFASTB7W6GQKG5E/,"Wed, 03 Dec 2025 07:51:13 +0000",,김은경 기자,,"<img src=""https://www.chosun.com/resizer/v2/GUZGGOBSGU2TOZTCHFSGENBXGA.jpg?auth=bf8da2279f89ccf90d054ce0b980f7fb6e0be4d936dbf5733ecccb9439b4765d&smart=true&width=4462&height=3581"" alt=""강용석 법무법인 넥스트로 대표변호사(왼쪽 사진)와 김세의 가로세로연구소 대표 /뉴스1"" height=""3581"" width=""4462""/><p>2022년 대선을 앞두고 이재명 대통령(당시 더불어민주당 대통령 후보)이 소년원 출신이라는 등 허위사실을 퍼뜨린 혐의로 기소된 강용석 변호사에게 3일 항소심 법원이 징역형 집행유예를 선고했다. 강 변호사에게 벌금 1000만원을 선고한 1심보다 형량을 높였다. </p>",,,https://www.chosun.com/national/court_law/2025/12/03/WHI57ESP6NAXFASTB7W6GQKG5E/
"송중기, 케이티♥ 재혼·애 둘 육아 8년 만에 팬미팅 ""팬들에게 미안"" [순간포착]",https://www.chosun.com/entertainments/broadcast/2025/12/03/GFTDIYJSGJSTSZDCGRRGKM3EHA/,"Wed, 03 Dec 2025 07:57:00 +0000",,OSEN,[OSEN=연휘선 기자] 배우 송중기가 유튜브를 통해 근황을 밝혔다.&nbsp;3일 소속사 하이지음스튜디오는 공식 유튜브 채널을 통해 최근 진행된 송중기의 팬미팅 오프닝 및 브릿지 VCR 영상을 게재했다. 영상에는 송중기가 여름의 한 주택에서 커피를 마시며 근황에 대한 질문을 나누는 모습이 담겼다.&nbsp;송중기는 &quot;하루에 커피 2잔 마시는 것 ,"<img src=""https://www.chosun.com/resizer/v2/MIZGCMTEMNRWEYTEMI3WKNJXGU.jpg?auth=28713ae355c9cdee1bd0dc6c30492438b3b5cc975732c45987373f0e29409781&smart=true&width=650&height=362"" alt="""" height=""362"" width=""650""/><p>[OSEN=연휘선 기자] 배우 송중기가 유튜브를 통해 근황을 밝혔다.&nbsp;</p>",https://www.chosun.com/resizer/v2/MIZGCMTEMNRWEYTEMI3WKNJXGU.jpg?auth=28713ae355c9cdee1bd0dc6c30492438b3b5cc975732c45987373f0e29409781&smart=true&width=650&height=362,,https://www.chosun.com/entertainments/broadcast/2025/12/03/GFTDIYJSGJSTSZDCGRRGKM3EHA/
"[사진]박해수,'여심 사로잡는 미소'",https://www.chosun.com/entertainments/entertain_photo/2025/12/03/HE3TINJRGFRTQMLEGFRTKMRZMQ/,"Wed, 03 Dec 2025 07:55:00 +0000",,OSEN,"[OSEN=민경훈 기자] 3일 오후 서울 용산구 CGV용산아이파크몰에서 넷플릭스 시리즈 '자백의 대가' 언론시사회 및 간담회가 열렸다.‘자백의 대가’(연출 이정효 극본 권종관)는 남편을 죽인 용의자로 몰린 ‘윤수’(전도연 분)와 마녀로 불리는 의문의 인물 ‘모은’, 비밀 많은 두 사람 사이에서 벌어지는 일을 그린 미스터리 스릴러 작품. 극 중 김고은은 감정","<img src=""https://www.chosun.com/resizer/v2/GAYTENLDGBTDSOJWGIYGIMJTGQ.jpg?auth=3f37a8cbaa274bac93f633deaa5642edd332254a4507a2dc520537634c11bd97&smart=true&width=530&height=666"" alt="""" height=""666"" width=""530""/><p><br />[OSEN=민경훈 기자] 3일 오후 서울 용산구 CGV용산아이파크몰에서 넷플릭스 시리즈 '자백의 대가' 언론시사회 및 간담회가 열렸다.</p>",https://www.chosun.com/resizer/v2/GAYTENLDGBTDSOJWGIYGIMJTGQ.jpg?auth=3f37a8cbaa274bac93f633deaa5642edd332254a4507a2dc520537634c11bd97&smart=true&width=530&height=666,,https://www.chosun.com/entertainments/entertain_photo/2025/12/03/HE3TINJRGFRTQMLEGFRTKMRZMQ/
"[사진]전도연,'우아한 자태 뽐내며 입장'",https://www.chosun.com/entertainments/entertain_photo/2025/12/03/G5TGMZJZGQYTCMLFME4WMNBVMU/,"Wed, 03 Dec 2025 07:55:00 +0000",,OSEN,"[OSEN=민경훈 기자] 3일 오후 서울 용산구 CGV용산아이파크몰에서 넷플릭스 시리즈 '자백의 대가' 언론시사회 및 간담회가 열렸다.‘자백의 대가’(연출 이정효 극본 권종관)는 남편을 죽인 용의자로 몰린 ‘윤수’(전도연 분)와 마녀로 불리는 의문의 인물 ‘모은’, 비밀 많은 두 사람 사이에서 벌어지는 일을 그린 미스터리 스릴러 작품. 극 중 김고은은 감정","<img src=""https://www.chosun.com/resizer/v2/MU4DKNTGMU3TAM3BGE4DEYZZGM.jpg?auth=343148de808d07673d35f20e6e49973b71a561d5a39c58e3458db024727ac639&smart=true&width=530&height=934"" alt="""" height=""934"" width=""530""/><p><br />[OSEN=민경훈 기자] 3일 오후 서울 용산구 CGV용산아이파크몰에서 넷플릭스 시리즈 '자백의 대가' 언론시사회 및 간담회가 열렸다.</p>",https://www.chosun.com/resizer/v2/MU4DKNTGMU3TAM3BGE4DEYZZGM.jpg?auth=343148de808d07673d35f20e6e49973b71a561d5a39c58e3458db024727ac639&smart=true&width=530&height=934,,https://www.chosun.com/entertainments/entertain_photo/2025/12/03/G5TGMZJZGQYTCMLFME4WMNBVMU/
"야노시호 동의 없이 집 공개하더니… 추성훈, ‘최고 인기 유튜버’ 올랐다",https://www.chosun.com/culture-life/culture_general/2025/12/03/3SEG3UP67ZHV3CXFS7VRC6YFOI/,"Wed, 03 Dec 2025 07:43:33 +0000",,박선민 기자,,"<img src=""https://www.chosun.com/resizer/v2/M57BUBKJ3ZEMXEVEU35OLPF66E.JPG?auth=346e7e636a89b77b8b522c42e1dcae8f168e19384040424c10d84483bed75f4d&smart=true&width=3028&height=1703"" alt=""격투기 선수 추성훈이 지난 7월 18일 인천 중구 파라다이스시티에서 열린 ‘제4회 청룡시리즈어워즈’에 참석해 포즈를 취하고 있다. /뉴스1"" height=""1703"" width=""3028""/><p>올해 국내 유튜브 최고 인기 크리에이터로 격투기 선수 출신 추성훈이 꼽혔다.</p>",,,https://www.chosun.com/culture-life/culture_general/2025/12/03/3SEG3UP67ZHV3CXFS7VRC6YFOI/
"김준호·이상민 재혼 여파..의리지킨 '돌싱포맨', 하차 대신 '종영' 엔딩[종합]",https://www.chosun.com/entertainments/broadcast/2025/12/03/MY2DQMJQMM3GCNRTGU4GGMRRMQ/,"Wed, 03 Dec 2025 07:53:00 +0000",,OSEN,"[OSEN=김나연 기자] 김준호, 이상민의 재혼으로 하차 및 멤버교체 여부에 많은 관심이 쏠렸던&nbsp;'돌싱포맨'이 결국 종영을 택했다.3일 SBS 측은 공식 보도자료를 통해 &quot;매주 화요일 밤을 책임졌던 SBS 토크 예능 '신발 벗고 돌싱포맨'(이하 '돌싱포맨')이 시청자들의 뜨거운 사랑 속에 오는 23일 213회 방송을 끝으로 종영한다&quo","<img src=""https://www.chosun.com/resizer/v2/G4YTCNLFHA4DMYRRGY4GCNLFMI.jpg?auth=09d82ac6f55927d811bdd1182d3f26d0648069fc3baedffe0e392b526cbd5d8a&smart=true&width=600&height=500"" alt="""" height=""500"" width=""600""/><p>[OSEN=김나연 기자] 김준호, 이상민의 재혼으로 하차 및 멤버교체 여부에 많은 관심이 쏠렸던&nbsp;'돌싱포맨'이 결국 종영을 택했다.</p>",https://www.chosun.com/resizer/v2/G4YTCNLFHA4DMYRRGY4GCNLFMI.jpg?auth=09d82ac6f55927d811bdd1182d3f26d0648069fc3baedffe0e392b526cbd5d8a&smart=true&width=600&height=500,,https://www.chosun.com/entertainments/broadcast/2025/12/03/MY2DQMJQMM3GCNRTGU4GGMRRMQ/
"[초·고·저/한 줄 읽기]부동산 탐험, 우리 집 찾기 프로젝트!",https://www.chosun.com/kid/kid_cartoon-quiz/kid_puzzle-game/2025/12/03/Z5GT5XY6ZBE5DBYI3QPDMNKCQQ/,"Wed, 03 Dec 2025 07:52:47 +0000",,정리=김서영 기자,,"<img src=""https://www.chosun.com/resizer/v2/33IZMUU3FFFXNDBROXVED2M6LM.png?auth=654dc02b1e30af9655f0633976a6872d1d96eb80ba455b4405727c1bf0629a57&smart=true&width=715&height=911"" alt=""기린미디어"" height=""911"" width=""715""/><p>■부동산 탐험, 우리 집 찾기 프로젝트!</p>",https://www.chosun.com/resizer/v2/33IZMUU3FFFXNDBROXVED2M6LM.png?auth=654dc02b1e30af9655f0633976a6872d1d96eb80ba455b4405727c1bf0629a57&smart=true&width=715&height=911,,https://www.chosun.com/kid/kid_cartoon-quiz/kid_puzzle-game/2025/12/03/Z5GT5XY6ZBE5DBYI3QPDMNKCQQ/
[초·저/책 속 한 장면]우리 누리 크리스마스,https://www.chosun.com/kid/kid_cartoon-quiz/kid_puzzle-game/2025/12/03/66OIQSU2A5EXXDOZL74NAW3BCU/,"Wed, 03 Dec 2025 07:52:06 +0000",,정리=김서영 기자,,"<p><style>
 @import url(""https://image.chosun.com/arc/child/element.css"");
</style>
<div class='kid-grades'>
  <div class='kid-grades-container'>
    <span class='kid-grades-title-blue'>초등 저학년 이상</span>
    <span class='kid-grades-content'>
       
    </span>
  </div>
</div></p><img src=""https://www.chosun.com/resizer/v2/T4ZETE4KO5ERVL64AZFMURDB4Q.png?auth=17a15495915cd5f48d3df014957d4ee8900e0394d40d5c9fb5be6bb32976a315&smart=true&width=453&height=983"" alt=""위즈덤하우스(스콜라)"" height=""983"" width=""453""/>",https://www.chosun.com/resizer/v2/T4ZETE4KO5ERVL64AZFMURDB4Q.png?auth=17a15495915cd5f48d3df014957d4ee8900e0394d40d5c9fb5be6bb32976a315&smart=true&width=453&height=983,,https://www.chosun.com/kid/kid_cartoon-quiz/kid_puzzle-game/2025/12/03/66OIQSU2A5EXXDOZL74NAW3BCU/
"남편 옥바라지하던 성유리, 홈쇼핑 복귀 7개월 만에 결국 하차[SC이슈]",https://www.chosun.com/entertainments/enter_general/2025/12/03/HEYWIY3DMNRTCOJRMU4TGNZYGI/,"Wed, 03 Dec 2025 07:51:58 +0000",,스포츠조선,"[스포츠조선 정빛 기자] 그룹 핑클 출신 배우 성유리가 남편 안성현의 논란 속에 홈쇼핑으로 복귀했던 프로그램에서 결국 하차했다. 성유리는 지난 1일 자신의 SNS에 ""함께했던 모든 순간들을 기억하겠습니다""라는 글과 함께 GS샵에서 진행한 '성유리 에디션' 방송 클립을 담은 영상을 게시했다. 해당 게시물은 사실상 프로그램 종료를 알리는 마지막 인사로 해석된다","<img src=""https://www.chosun.com/resizer/v2/MY4GCN3FMRSDEYJSGFRDQMZWGM.jpg?auth=733c9121ae3f26d14d38f088608daef84ad362766a4c26ed0b091322fb19b965&smart=true&width=650&height=828"" alt=""성유리. 스포츠조선DB"" height=""828"" width=""650""/><p>[스포츠조선 정빛 기자] 그룹 핑클 출신 배우 성유리가 남편 안성현의 논란 속에 홈쇼핑으로 복귀했던 프로그램에서 결국 하차했다.</p>",https://www.chosun.com/resizer/v2/MY4GCN3FMRSDEYJSGFRDQMZWGM.jpg?auth=733c9121ae3f26d14d38f088608daef84ad362766a4c26ed0b091322fb19b965&smart=true&width=650&height=828,,https://www.chosun.com/entertainments/enter_general/2025/12/03/HEYWIY3DMNRTCOJRMU4TGNZYGI/
[초·고]해바라기 마을 아이,https://www.chosun.com/kid/kid_cartoon-quiz/kid_puzzle-game/2025/12/03/POJKP6C6MVGDZG2VCEZVNZBJG4/,"Wed, 03 Dec 2025 07:51:57 +0000",,김서영 기자,,"<p><style>
 @import url(""https://image.chosun.com/arc/child/element.css"");
</style>
<div class='kid-grades'>
  <div class='kid-grades-container'>
    <span class='kid-grades-title-red'>초등·고학년·중등 이상</span>
    <span class='kid-grades-content'>
       
    </span>
  </div>
</div>
</p><img src=""https://www.chosun.com/resizer/v2/4IR7BB2CEVF3TI5Q3GHM7YWWL4.jpg?auth=6f7c988e7f9a0ec29ca1e70eb8c025fb5f3ea00720d45cd8e19f7afad780e3dd&smart=true&width=1689&height=2469"" alt=""이지북"" height=""2469"" width=""1689""/>",https://www.chosun.com/resizer/v2/4IR7BB2CEVF3TI5Q3GHM7YWWL4.jpg?auth=6f7c988e7f9a0ec29ca1e70eb8c025fb5f3ea00720d45cd8e19f7afad780e3dd&smart=true&width=1689&height=2469,,https://www.chosun.com/kid/kid_cartoon-quiz/kid_puzzle-game/2025/12/03/POJKP6C6MVGDZG2VCEZVNZBJG4/
"[사진]전도연,'고혹적인 자태'",https://www.chosun.com/entertainments/entertain_photo/2025/12/03/GU4WCYTBHEZTEZTFGY3DSMRRGU/,"Wed, 03 Dec 2025 07:51:00 +0000",,OSEN,"[OSEN=민경훈 기자] 3일 오후 서울 용산구 CGV용산아이파크몰에서 넷플릭스 시리즈 '자백의 대가' 언론시사회 및 간담회가 열렸다.‘자백의 대가’(연출 이정효 극본 권종관)는 남편을 죽인 용의자로 몰린 ‘윤수’(전도연 분)와 마녀로 불리는 의문의 인물 ‘모은’, 비밀 많은 두 사람 사이에서 벌어지는 일을 그린 미스터리 스릴러 작품. 극 중 김고은은 감정","<img src=""https://www.chosun.com/resizer/v2/GY2TAN3BMJQTQMBTHAZTSZDGHE.jpg?auth=8a70b6ca132f18ed53336f36777408dd579a76e4ce72c946ade6ebc1c7275974&smart=true&width=530&height=922"" alt="""" height=""922"" width=""530""/><p><br />[OSEN=민경훈 기자] 3일 오후 서울 용산구 CGV용산아이파크몰에서 넷플릭스 시리즈 '자백의 대가' 언론시사회 및 간담회가 열렸다.</p>",https://www.chosun.com/resizer/v2/GY2TAN3BMJQTQMBTHAZTSZDGHE.jpg?auth=8a70b6ca132f18ed53336f36777408dd579a76e4ce72c946ade6ebc1c7275974&smart=true&width=530&height=922,,https://www.chosun.com/entertainments/entertain_photo/2025/12/03/GU4WCYTBHEZTEZTFGY3DSMRRGU/
손흥민도 먹던데.. 축구 선수들이 경기 중 '에너지 젤' 먹는 과학적인 이유,https://www.chosun.com/sports/world-football/2025/12/03/GFSWGMDDG4YTIMZQGBSTOZDDGY/,"Wed, 03 Dec 2025 07:51:00 +0000",,OSEN,"[OSEN=강필주 기자] 손흥민(33, LAFC)을 비롯해 많은 축구 선수들이 경기 중 에너지 젤을 섭취하는 모습이 자주 포착됐다. 전문가들은&nbsp;현대 축구의 강도와 일정 속에서 '경기 중 젤 섭취는 필수적'이라고 설명하고 있다.&nbsp;스포츠 전문 '디 애슬레틱'은 3일(한국시간) '왜 축구 선수들은 경기 중 에너지 젤을 먹을까'라는 제목의 기사를","<img src=""https://www.chosun.com/resizer/v2/GQYGKOLCGU3TGMRTHFRWEMLBMQ.jpg?auth=d4449a96b1a0d7b4ba81c19838c76251886f4f1baece459381925850ea95695a&smart=true&width=650&height=513"" alt="""" height=""513"" width=""650""/><p>[OSEN=강필주 기자] 손흥민(33, LAFC)을 비롯해 많은 축구 선수들이 경기 중 에너지 젤을 섭취하는 모습이 자주 포착됐다. 전문가들은&nbsp;현대 축구의 강도와 일정 속에서 '경기 중 젤 섭취는 필수적'이라고 설명하고 있다.&nbsp;</p>",https://www.chosun.com/resizer/v2/GQYGKOLCGU3TGMRTHFRWEMLBMQ.jpg?auth=d4449a96b1a0d7b4ba81c19838c76251886f4f1baece459381925850ea95695a&smart=true&width=650&height=513,,https://www.chosun.com/sports/world-football/2025/12/03/GFSWGMDDG4YTIMZQGBSTOZDDGY/
부산 ‘당신처럼 애지중지’ 정책 통했다...합계출산율·출생아 수 9년 반등,https://www.chosun.com/special/special_section/2025/12/03/H3ZWMCTNHRD5TBTOAYWYCCHYSM/,"Wed, 03 Dec 2025 07:36:54 +0000",,조재희 기자,,"<img src=""https://www.chosun.com/resizer/v2/SWE7YHNK4JADRGUNV3RUHVM3XM.jpg?auth=72d9a5877b8d1fcf4aabe820e8e74f21dc2a7c59be3c9330de08cebd13e84b2a&smart=true&width=2700&height=1800"" alt=""부산시는 2026년부터 어린이집에 다니는 3~5세 아동에게 특성화 경비와 부모부담행사비 등을 전액 지원하는 ‘부산형 무상보육’을 전면 시행할 계획이다. 사진은 ‘2026년 어린이집 3~5세 전면 무상교육’ 선포식 장면./부산시 제공"" height=""1800"" width=""2700""/><p>부산시가 ‘아이 낳고 키우기 좋은 도시’ ‘다시 태어나도 살고 싶은 도시 부산’을 만들기 위해 노력하고 있다. 지난해부터 부산형 육아정책 브랜드 ‘당신처럼 애지중지’를 추진하고 있으며, 출산·양육에 대한 인식을 긍정적으로 전환하기 위한 사업도 다채롭게 진행 중이다. 이러한 노력의 결과, 부산시의 지난해 합계출산율과 출생아 수는 9년 만에 반등했다. 부산시는 점차 아이들 웃음소리가 끊이지 않는 도시로 변화하고 있다.</p>",,,https://www.chosun.com/special/special_section/2025/12/03/H3ZWMCTNHRD5TBTOAYWYCCHYSM/
"[사진]김고은,'빵 터졌어요'",https://www.chosun.com/entertainments/entertain_photo/2025/12/03/MRQWKYTBGMZDSOBVMM2DEMBRHE/,"Wed, 03 Dec 2025 07:50:00 +0000",,OSEN,"[OSEN=민경훈 기자] 3일 오후 서울 용산구 CGV용산아이파크몰에서 넷플릭스 시리즈 '자백의 대가' 언론시사회 및 간담회가 열렸다.‘자백의 대가’(연출 이정효 극본 권종관)는 남편을 죽인 용의자로 몰린 ‘윤수’(전도연 분)와 마녀로 불리는 의문의 인물 ‘모은’, 비밀 많은 두 사람 사이에서 벌어지는 일을 그린 미스터리 스릴러 작품. 극 중 김고은은 감정","<img src=""https://www.chosun.com/resizer/v2/GQZTCYJSGU3WGM3CGI4DQOJXHE.jpg?auth=42b16261b110293ec0af9a75b8130d392fb1f97327987802847cfb9346e1b3a1&smart=true&width=530&height=713"" alt="""" height=""713"" width=""530""/><p><br />[OSEN=민경훈 기자] 3일 오후 서울 용산구 CGV용산아이파크몰에서 넷플릭스 시리즈 '자백의 대가' 언론시사회 및 간담회가 열렸다.</p>",https://www.chosun.com/resizer/v2/GQZTCYJSGU3WGM3CGI4DQOJXHE.jpg?auth=42b16261b110293ec0af9a75b8130d392fb1f97327987802847cfb9346e1b3a1&smart=true&width=530&height=713,,https://www.chosun.com/entertainments/entertain_photo/2025/12/03/MRQWKYTBGMZDSOBVMM2DEMBRHE/
"전도연 ""김고은과 10년만 재회..나만 성장 멈췄나 반성""(자백의 대가)",https://www.chosun.com/entertainments/broadcast/2025/12/03/GUYDSMRVMVQWINBUHA4DQODGMM/,"Wed, 03 Dec 2025 07:50:00 +0000",,OSEN,"[OSEN=하수정 기자] '자백의 대가' 전도연이 김고은과의 10년 만에 재회한 소감을 언급했다.3일 오후 서울 CGV 용산아이파크몰에서는 넷플릭스 시리즈 '자백의 대가'의 언론시사회 및 기자간담회가 진행됐다. 이 자리에는 주연 배우 전도연, 김고은, 박해수, 이정효 감독 등이 참석했다.'자백의 대가'는 남편을 죽인 용의자로 몰린 윤수(전도연 분)와 마녀로","<img src=""https://www.chosun.com/resizer/v2/GAZDAZRSGJRWMMBYMY2WMYZRMM.jpg?auth=fda7fdb4516684c5d7113ebd5a74e93b0980ceabc0cb07bf72b542bae610bb4e&smart=true&width=530&height=794"" alt="""" height=""794"" width=""530""/><p>[OSEN=하수정 기자] '자백의 대가' 전도연이 김고은과의 10년 만에 재회한 소감을 언급했다.</p>",https://www.chosun.com/resizer/v2/GAZDAZRSGJRWMMBYMY2WMYZRMM.jpg?auth=fda7fdb4516684c5d7113ebd5a74e93b0980ceabc0cb07bf72b542bae610bb4e&smart=true&width=530&height=794,,https://www.chosun.com/entertainments/broadcast/2025/12/03/GUYDSMRVMVQWINBUHA4DQODGMM/
"[사진]김고은-전도연,'화기애애한 분위기'",https://www.chosun.com/entertainments/entertain_photo/2025/12/03/HFRWMYZSGA3TIZJRMVSGGZTBMI/,"Wed, 03 Dec 2025 07:50:00 +0000",,OSEN,"[OSEN=민경훈 기자] 3일 오후 서울 용산구 CGV용산아이파크몰에서 넷플릭스 시리즈 '자백의 대가' 언론시사회 및 간담회가 열렸다.‘자백의 대가’(연출 이정효 극본 권종관)는 남편을 죽인 용의자로 몰린 ‘윤수’(전도연 분)와 마녀로 불리는 의문의 인물 ‘모은’, 비밀 많은 두 사람 사이에서 벌어지는 일을 그린 미스터리 스릴러 작품. 극 중 김고은은 감정","<img src=""https://www.chosun.com/resizer/v2/GAYDQZJSHBSDCYZZGU4GIYRXHE.jpg?auth=3c2d42154017c8d605b70e3e792a75b8691998fe91ff1f4e974cada6b59e5bed&smart=true&width=650&height=628"" alt="""" height=""628"" width=""650""/><p><br />[OSEN=민경훈 기자] 3일 오후 서울 용산구 CGV용산아이파크몰에서 넷플릭스 시리즈 '자백의 대가' 언론시사회 및 간담회가 열렸다.</p>",https://www.chosun.com/resizer/v2/GAYDQZJSHBSDCYZZGU4GIYRXHE.jpg?auth=3c2d42154017c8d605b70e3e792a75b8691998fe91ff1f4e974cada6b59e5bed&smart=true&width=650&height=628,,https://www.chosun.com/entertainments/entertain_photo/2025/12/03/HFRWMYZSGA3TIZJRMVSGGZTBMI/
"[사진]김고은,'단발 헤어도 잘 어울려'",https://www.chosun.com/entertainments/entertain_photo/2025/12/03/MNSTMMDFMQ2DIOLFGA3WMNDCHA/,"Wed, 03 Dec 2025 07:48:00 +0000",,OSEN,"[OSEN=민경훈 기자] 3일 오후 서울 용산구 CGV용산아이파크몰에서 넷플릭스 시리즈 '자백의 대가' 언론시사회 및 간담회가 열렸다.‘자백의 대가’(연출 이정효 극본 권종관)는 남편을 죽인 용의자로 몰린 ‘윤수’(전도연 분)와 마녀로 불리는 의문의 인물 ‘모은’, 비밀 많은 두 사람 사이에서 벌어지는 일을 그린 미스터리 스릴러 작품. 극 중 김고은은 감정","<img src=""https://www.chosun.com/resizer/v2/HFRWMNTEMIZGMZRWMM4WMYRRGQ.jpg?auth=3b122ea834fa6bccf7327688eec601de947e9af4671e0ec79a9fee56c83e64f5&smart=true&width=530&height=697"" alt="""" height=""697"" width=""530""/><p><br />[OSEN=민경훈 기자] 3일 오후 서울 용산구 CGV용산아이파크몰에서 넷플릭스 시리즈 '자백의 대가' 언론시사회 및 간담회가 열렸다.</p>",https://www.chosun.com/resizer/v2/HFRWMNTEMIZGMZRWMM4WMYRRGQ.jpg?auth=3b122ea834fa6bccf7327688eec601de947e9af4671e0ec79a9fee56c83e64f5&smart=true&width=530&height=697,,https://www.chosun.com/entertainments/entertain_photo/2025/12/03/MNSTMMDFMQ2DIOLFGA3WMNDCHA/
"베리베리, 싱가포르·대만 팬미팅 해외 투어 확장..'글로벌 대세돌' 입지",https://www.chosun.com/entertainments/music/2025/12/03/HBRWMZRWMM2DEZDGGRSTEMJSGY/,"Wed, 03 Dec 2025 07:48:00 +0000",,OSEN,"[OSEN=선미경 기자] 보이그룹 베리베리(VERIVERY)가&nbsp;2026년 글로벌 팬미팅을 통해 더욱 가까이 팬들과 만난다.베리베리(VERIVERY)는 오는&nbsp;2026년&nbsp;1월&nbsp;3일 토요일 싱가포르 시어터 앳 미디어코프(The Theatre at Mediacorp)에 이어, 1월&nbsp;18일 일요일 대만 가오슝 라이브 웨어","<img src=""https://www.chosun.com/resizer/v2/GQYDSOLDGIZGCZRZHE2GMZTEMY.jpg?auth=aa3598fddad7d191ebdc11a502340939cf4d331f42b561f62d719e8994db1de2&smart=true&width=530&height=746"" alt="""" height=""746"" width=""530""/><p>[OSEN=선미경 기자] 보이그룹 베리베리(VERIVERY)가&nbsp;2026년 글로벌 팬미팅을 통해 더욱 가까이 팬들과 만난다.</p>",https://www.chosun.com/resizer/v2/GQYDSOLDGIZGCZRZHE2GMZTEMY.jpg?auth=aa3598fddad7d191ebdc11a502340939cf4d331f42b561f62d719e8994db1de2&smart=true&width=530&height=746,,https://www.chosun.com/entertainments/music/2025/12/03/HBRWMZRWMM2DEZDGGRSTEMJSGY/
배경훈 부총리 “체계종합기업 주도 우주 발사 시대… 전방위 지원할 것”,https://www.chosun.com/economy/science/2025/12/03/HFSTGMZWMIYWMMDDGNSTCOLBMI/,"Wed, 03 Dec 2025 07:46:26 +0000",,홍아름 기자(조선비즈)," 배경훈 부총리 겸 과학기술정보통신부 장관은 “체계종합기업 주도의 우주 발사 시대가 열린 만큼, 우주 정책·산업·안보·외교 전 분야에 걸쳐 아낌없이 지원해 대한민국이 세계 5대 우주 강국으로 도약할 수 있도록 흔들림 없이 뒷받침하겠다”고 밝혔다. 배 부총리는 12월 3일 오후 2시 한화에어로스페이스 대전 연구개발(R&amp;D) 캠퍼스를 방문해 국방 AI와","<img src=""https://www.chosun.com/resizer/v2/GI2WKZRRG5SWCYJVGI4GGYJTHA.jpg?auth=57904240d2954f59b7410b3019065ea92796e071e0686bd69581b8759a8c3dda&smart=true&width=4500&height=2998"" alt=""배경훈 부총리 겸 과학기술정보통신부 장관이 3일 오후 대전광역시 유성구 한화에어로스페이스 대전R&D캠퍼스를 방문해 한화에어로스페이스 및 한화시스템 연구개발 전시물을 살펴보고 있다./한화에어로스페이스 제공"" height=""2998"" width=""4500""/><p>배경훈 부총리 겸 과학기술정보통신부 장관은 “체계종합기업 주도의 우주 발사 시대가 열린 만큼, 우주 정책·산업·안보·외교 전 분야에 걸쳐 아낌없이 지원해 대한민국이 세계 5대 우주 강국으로 도약할 수 있도록 흔들림 없이 뒷받침하겠다”고 밝혔다.</p>",https://www.chosun.com/resizer/v2/GI2WKZRRG5SWCYJVGI4GGYJTHA.jpg?auth=57904240d2954f59b7410b3019065ea92796e071e0686bd69581b8759a8c3dda&smart=true&width=4500&height=2998,,https://www.chosun.com/economy/science/2025/12/03/HFSTGMZWMIYWMMDDGNSTCOLBMI/
"""최고층 모듈러 아파트 짓는다"" GS건설, '시흥거모 공공주택' 수주",https://www.chosun.com/economy/realty/realestate_news/2025/12/03/MJRDAN3FGU2GCZLEMIYGCYZWG4/,"Wed, 03 Dec 2025 07:46:25 +0000",,박영규 기자(땅집고),[땅집고] GS건설이 시흥거모 공공주택 건설사업을 수주했다. 일반 아파트와 모듈러(조립식) 아파트가 혼합된 단지로 이 중 1개 동은 현재 기준 국내 최고층 스틸 모듈러 아파트로 지어질 예정이다. GS건설은 지난 2일 한국토지주택공사(LH) 가 발주한 ‘시흥거모 A-1BL 통합형 민간참여 공공주택건설사업’(시흥거모)에 대한 도급 계약을 체결했다고 3일 밝혔다,"<p><b>[땅집고]</b> GS건설이 시흥거모 공공주택 건설사업을 수주했다. 일반 아파트와 모듈러(조립식) 아파트가 혼합된 단지로 이 중 1개 동은 현재 기준 국내 최고층 스틸 모듈러 아파트로 지어질 예정이다.</p><img src=""https://www.chosun.com/resizer/v2/GMZDCZJYMVSGMYTGMJRTMYRRMI.jpg?auth=7636ba0024a35405de13e243ca1442e6a4e2bb0373597071d2d1e8103271b4ea&smart=true&width=600&height=323"" alt=""[땅집고] 시흥거모 A-1BL 통합형 민간참여 공공주택건설사업 조감도./GS건설"" height=""323"" width=""600""/>",https://www.chosun.com/resizer/v2/GMZDCZJYMVSGMYTGMJRTMYRRMI.jpg?auth=7636ba0024a35405de13e243ca1442e6a4e2bb0373597071d2d1e8103271b4ea&smart=true&width=600&height=323,,https://www.chosun.com/economy/realty/realestate_news/2025/12/03/MJRDAN3FGU2GCZLEMIYGCYZWG4/
"AI 반도체 분업 시대… 韓 팹리스, ‘포스트 GPU’ 시장서 기회 노린다",https://www.chosun.com/economy/tech_it/2025/12/03/MUYDCZDFGYZDCZDDGY3GMYTEHE/,"Wed, 03 Dec 2025 07:45:33 +0000",,최효정 기자(조선비즈),"국내 인공지능(AI) 팹리스(반도체 설계) 업계가 생성형 AI 확산으로 드러난 데이터센터 한계와 그래픽처리장치(GPU) 중심 구조의 병목을 해소하기 위해 새로운 연산 구조를 제시하고 나섰다. 기존 방식으로는 폭증하는 AI 수요를 감당하기가 어려워지면서, 연산을 디바이스·추론·대규모언어모델(LLM) 특화 구조로 분산하는 전략이 부상하고 있다. 이러한 변화는 ","<p>국내 인공지능(AI) 팹리스(반도체 설계) 업계가 생성형 AI 확산으로 드러난 데이터센터 한계와 그래픽처리장치(GPU) 중심 구조의 병목을 해소하기 위해 새로운 연산 구조를 제시하고 나섰다. 기존 방식으로는 폭증하는 AI 수요를 감당하기가 어려워지면서, 연산을 디바이스·추론·대규모언어모델(LLM) 특화 구조로 분산하는 전략이 부상하고 있다. 이러한 변화는 GPU 외에도 다양한 연산 방식이 요구되는 국면을 열어, 국내 NPU(신경망처리장치) 기반 팹리스 기업들에게 새로운 진입 기회를 제공하고 있다.</p><p>생성형 AI 모델의 크기와 연산량이 빠르게 증가하면서 서버 증설만으로는 전력·열·비용 문제를 해결하기가 어렵다는 판단이다. 이에 AI를 단일 장비에서 처리하는 방식에서 벗어나, 여러 종류의 칩과 레이어로 연산을 분산시키는 방향으로 구조의 전환이 이뤄지고 있다.</p>",https://www.chosun.com/resizer/v2/HAZDSZLBGNRGKMLDHBRTINDEG4.jpg?auth=007a2b1f57b01bdbd8f64b4ed5678760d2383451d9010bc100d1ebe5a741be34&smart=true&width=4000&height=3000,,https://www.chosun.com/economy/tech_it/2025/12/03/MUYDCZDFGYZDCZDDGY3GMYTEHE/
한국바이오의약품협회 “CDMO 특별법 통과 환영”,https://www.chosun.com/economy/science/2025/12/03/MRQTSNDGMJRTEYJTMUZTOMBUGY/,"Wed, 03 Dec 2025 07:45:27 +0000",,박수현 기자(조선비즈)," 한국바이오의약품협회는 국회 본회의에서 ‘바이오의약품 위탁개발생산 기업 등의 규제지원에 관한 특별법’, 이른바 CDMO 특별법이 통과된 것과 관련해 3일 환영의 뜻을 밝혔다. 국회는 지난 2일 제429회 정기회 제14차 본회의에서 총 235표 중 233표 찬성, 2표 기권으로 보건복지위원회 한지아 의원 등 12인이 대표 발의한 법안을 원안대로 가결했다. 법","<img src=""https://www.chosun.com/resizer/v2/MZRDSNRYMY3DEZJUG44DSNJUHE.jpg?auth=c17e92f1e2a50f2cad27c41ad7fe40374ff2f2b3066734bd505d8193e993fe35&smart=true&width=400&height=250"" alt=""이정석 한국바이오의약품협회 회장./한국바이오의약품협회"" height=""250"" width=""400""/><p>한국바이오의약품협회는 국회 본회의에서 ‘바이오의약품 위탁개발생산 기업 등의 규제지원에 관한 특별법’, 이른바 CDMO 특별법이 통과된 것과 관련해 3일 환영의 뜻을 밝혔다.</p>",https://www.chosun.com/resizer/v2/MZRDSNRYMY3DEZJUG44DSNJUHE.jpg?auth=c17e92f1e2a50f2cad27c41ad7fe40374ff2f2b3066734bd505d8193e993fe35&smart=true&width=400&height=250,,https://www.chosun.com/economy/science/2025/12/03/MRQTSNDGMJRTEYJTMUZTOMBUGY/
李대통령 만난 조희대 대법원장 “사법제도 개편 신중히 이뤄져야”,https://www.chosun.com/politics/politics_general/2025/12/03/EVJUC2SYHVHS7ECRL4EPNWXQIM/,"Wed, 03 Dec 2025 04:49:50 +0000",,박상기 기자,,"<img src=""https://www.chosun.com/resizer/v2/DMK4OYNOEZNYFEB7FPICRHAGRE.jpg?auth=16cb8826828aac4a8fee789fdb28189c65b1f776a05ef5f8095fd6cd10fc3291&smart=true&width=5655&height=3754"" alt=""이재명 대통령이 3일 서울 용산 대통령실 청사에서 열린 5부 요인 초청 오찬에 참석하고 있다. 오른쪽은 조희대 대법원장./뉴시스"" height=""3754"" width=""5655""/><p>조희대 대법원장은 3일 이재명 대통령을 만나 “사법제도는 국민의 권리 보호와 사회질서 유지를 위한 중요한 기능을 수행하기 때문에 충분한 논의와 공론화 과정을 거쳐 신중하게 이루어지는 것이 바람직하다”고 말했다. 최근 여권이 추진하는 내란 전담 재판부 설치, 대법관 증원, 법원행정처 폐지 등 이른바 ‘사법 개혁’에 대한 우려를 표한 것으로 해석됐다.</p>",,,https://www.chosun.com/politics/politics_general/2025/12/03/EVJUC2SYHVHS7ECRL4EPNWXQIM/
"코오롱 이규호, 지주사 대신 계열사 주식 산 까닭은… “승계 앞두고 명분 쌓기”",https://www.chosun.com/economy/industry-company/2025/12/03/GU2WCMLDMMZWEOJVGYZTMMRQME/,"Wed, 03 Dec 2025 07:45:00 +0000",,이인아 기자(조선비즈),"코오롱그룹 오너가 4세인 이규호 ㈜코오롱 부회장이 지배 구조 정점에 있는 ㈜코오롱 주식 대신 계열사 코오롱인더스트리, 코오롱글로벌 주식을 사들이며 배경에 관심이 쏠리고 있다. 재계에서는 언젠가 이뤄질 이규호 체제 출범에 앞서 명분을 쌓기 시작한 것이라고 해석한다. 3일 재계에 따르면 코오롱그룹 승계는 이웅열 명예회장이 보유한 지주사 ㈜코오롱 지분(49.74","<p>코오롱그룹 오너가 4세인 이규호 ㈜코오롱 부회장이 지배 구조 정점에 있는 ㈜코오롱 주식 대신 계열사 코오롱인더스트리, 코오롱글로벌 주식을 사들이며 배경에 관심이 쏠리고 있다. 재계에서는 언젠가 이뤄질 이규호 체제 출범에 앞서 명분을 쌓기 시작한 것이라고 해석한다.</p><p>3일 재계에 따르면 코오롱그룹 승계는 이웅열 명예회장이 보유한 지주사 ㈜코오롱 지분(49.74%)이 아들인 이 부회장에게 넘어가야 마무리된다.</p>",https://www.chosun.com/resizer/v2/GM3GGMZQGE2TQM3DMRQTGNRTMU.jpg?auth=c36e76b3db74fea082c96775d849435e1bbfb4e36815ab4bb46c5708edd10a81&smart=true&width=4066&height=2931,,https://www.chosun.com/economy/industry-company/2025/12/03/GU2WCMLDMMZWEOJVGYZTMMRQME/
"[사진]전도연,'빠져드는 미소'",https://www.chosun.com/entertainments/entertain_photo/2025/12/03/GA2DSYTBMVQWGZRTGYYDQNRUGA/,"Wed, 03 Dec 2025 07:45:00 +0000",,OSEN,"[OSEN=민경훈 기자] 3일 오후 서울 용산구 CGV용산아이파크몰에서 넷플릭스 시리즈 '자백의 대가' 언론시사회 및 간담회가 열렸다.‘자백의 대가’(연출 이정효 극본 권종관)는 남편을 죽인 용의자로 몰린 ‘윤수’(전도연 분)와 마녀로 불리는 의문의 인물 ‘모은’, 비밀 많은 두 사람 사이에서 벌어지는 일을 그린 미스터리 스릴러 작품. 극 중 김고은은 감정","<img src=""https://www.chosun.com/resizer/v2/GAYDSNDBMY3GGYZYGNQTANBTMM.jpg?auth=580f223bab378b0aa0f2d7a5bd32f2823901fd0fb1075b0d0bb38a03fe9db0df&smart=true&width=530&height=794"" alt="""" height=""794"" width=""530""/><p><br />[OSEN=민경훈 기자] 3일 오후 서울 용산구 CGV용산아이파크몰에서 넷플릭스 시리즈 '자백의 대가' 언론시사회 및 간담회가 열렸다.</p>",https://www.chosun.com/resizer/v2/GAYDSNDBMY3GGYZYGNQTANBTMM.jpg?auth=580f223bab378b0aa0f2d7a5bd32f2823901fd0fb1075b0d0bb38a03fe9db0df&smart=true&width=530&height=794,,https://www.chosun.com/entertainments/entertain_photo/2025/12/03/GA2DSYTBMVQWGZRTGYYDQNRUGA/
"반카WADA회장""'약물X기술도핑' 위험한 인핸스드 게임 반대...참가선수 도핑검사 강화"" 부산WADA 총회 뜨거운 화두",https://www.chosun.com/sports/sports_general/2025/12/03/MZRDAOBUGYYGGZDDMUZDINBXGY/,"Wed, 03 Dec 2025 07:43:48 +0000",,스포츠조선,"[부산=스포츠조선 전영지 기자]""인핸스드 게임(Enhanced Games)에 대한 우리의 입장은 명확하다. 반대한다."" 위톨드 반카 세계도핑방지기구(WADA) 회장이 3일 부산 벡스코에서 열린 2025년 제6차 세계도핑방지기구(WADA) 총회 공식 기자회견에서 논란의 인핸스드 게임스에 대한 반대 의사를 재차 천명했다. 인핸스드 게임스는 '과학으로 스포츠를 ","<img src=""https://www.chosun.com/resizer/v2/GQ3DIMJWMJRWMYLCMRQTCNTBMM.jpg?auth=43fab3789c896ecb4cc9b2a298458f7ccec827c0567e6920f595aceb9fd89097&smart=true&width=700&height=466"" alt=""위톨드 반카 세계도핑방지기구(WADA) 회장이  3 일 부산 벡스코에서 열린 총회 공식 기자회견에서 라이언 피니 선수위원장, 양양 WADA 부회장, 올리비에 니글리 사무총장 등과 함께 취재진의 질의에 답변하고 있다. 사진제공=KADA"" height=""466"" width=""700""/><p>[부산=스포츠조선 전영지 기자]""인핸스드 게임(Enhanced Games)에 대한 우리의 입장은 명확하다. 반대한다.""</p>",https://www.chosun.com/resizer/v2/GQ3DIMJWMJRWMYLCMRQTCNTBMM.jpg?auth=43fab3789c896ecb4cc9b2a298458f7ccec827c0567e6920f595aceb9fd89097&smart=true&width=700&height=466,,https://www.chosun.com/sports/sports_general/2025/12/03/MZRDAOBUGYYGGZDDMUZDINBXGY/
"'숲페셜'? 허허벌판 입지…군포 대야미 공공분양, 그래도 청약 대란날 듯",https://www.chosun.com/economy/realty/apartment_sales/2025/12/03/GI3GMYLCHEYDCYTCG5SDKODGHE/,"Wed, 03 Dec 2025 07:42:08 +0000",,김리영 기자(땅집고),"[땅집고] 올 연말 수도권에 공공분양 청약이 연달아 진행된다. 정부의 강력한 부동산 대책으로 민간 건설사의 분양 계획이 대거 연기된 가운데, 저렴한 공공분양 단지의 청약 경쟁률이 높아질 것이란 전망이 나온다. 한국토지주택공사(LH)가 경기 군포시 대야미동, 속달동, 둔대동 일원에 있는 군포대야미 공공주택지구 A2블록 신혼희망타운 공공분양주택 1003가구의 ","<p><b>[땅집고]</b> 올 연말 수도권에 공공분양 청약이 연달아 진행된다. 정부의 강력한 부동산 대책으로 민간 건설사의 분양 계획이 대거 연기된 가운데, 저렴한 공공분양 단지의 청약 경쟁률이 높아질 것이란 전망이 나온다.</p><img src=""https://www.chosun.com/resizer/v2/MJTGMY3BMUZDQOJWGM2WENBZGI.jpg?auth=83e0506ece0f6c18c84d1fca4fce2bb78f69f512f842ca821c3e77293accabad&smart=true&width=600&height=455"" alt=""[땅집고] 경기 군포시 '군포대야미A-2블록 신혼희망타운 위치. /LH"" height=""455"" width=""600""/>",https://www.chosun.com/resizer/v2/MJTGMY3BMUZDQOJWGM2WENBZGI.jpg?auth=83e0506ece0f6c18c84d1fca4fce2bb78f69f512f842ca821c3e77293accabad&smart=true&width=600&height=455,,https://www.chosun.com/economy/realty/apartment_sales/2025/12/03/GI3GMYLCHEYDCYTCG5SDKODGHE/
"[사진]김고은-전도연,'작품으로 10년 만에 재회'",https://www.chosun.com/entertainments/entertain_photo/2025/12/03/MI3TQYZXGMYGEN3CGNSDMOJWMY/,"Wed, 03 Dec 2025 07:42:00 +0000",,OSEN,"[OSEN=민경훈 기자] 3일 오후 서울 용산구 CGV용산아이파크몰에서 넷플릭스 시리즈 '자백의 대가' 언론시사회 및 간담회가 열렸다.‘자백의 대가’(연출 이정효 극본 권종관)는 남편을 죽인 용의자로 몰린 ‘윤수’(전도연 분)와 마녀로 불리는 의문의 인물 ‘모은’, 비밀 많은 두 사람 사이에서 벌어지는 일을 그린 미스터리 스릴러 작품. 극 중 김고은은 감정","<img src=""https://www.chosun.com/resizer/v2/GRRGMNBXMQ2DGNTCMI3TQNZWHE.jpg?auth=46b3cc1c0281ca3bad9d723e4e088f075b8e1776ba400d77cf872d0b8affc820&smart=true&width=650&height=600"" alt="""" height=""600"" width=""650""/><p><br />[OSEN=민경훈 기자] 3일 오후 서울 용산구 CGV용산아이파크몰에서 넷플릭스 시리즈 '자백의 대가' 언론시사회 및 간담회가 열렸다.</p>",https://www.chosun.com/resizer/v2/GRRGMNBXMQ2DGNTCMI3TQNZWHE.jpg?auth=46b3cc1c0281ca3bad9d723e4e088f075b8e1776ba400d77cf872d0b8affc820&smart=true&width=650&height=600,,https://www.chosun.com/entertainments/entertain_photo/2025/12/03/MI3TQYZXGMYGEN3CGNSDMOJWMY/
"상장협, 사회복지관 등에 후원금 전달",https://www.chosun.com/economy/stock-finance/2025/12/03/MRQTGYRWMM3DIMZQGY3GINRWGA/,"Wed, 03 Dec 2025 07:41:19 +0000",,조은서 기자(조선비즈)," 한국상장회사협의회(이하 상장협)는 3일 사회적 나눔 운동 확산을 위해 사랑의 전화 마포종합사회복지관, 한국소아암재단, 사랑의 동산에 후원금을 전달했다고 밝혔다. 상장협은 “매년 다양한 사회공헌 활동을 펼치며 지역 사회와 소통에 앞장서 왔다”며 “올해도 지역 내 소외된 이웃들에게 온정이 확산할 수 있도록 후원금을 전달했다”고 전했다. 선우정택 상장협 상근부","<img src=""https://www.chosun.com/resizer/v2/MQ2GIM3FMEYWGOJSGI4WEMRYGI.jpg?auth=2062ac4230c40799a3b880960038eeadc405258f46369194e4fc18300e3202c6&smart=true&width=447&height=147"" alt=""한국상장사협의회 로고. /상장사협의회 제공"" height=""147"" width=""447""/><p>한국상장회사협의회(이하 상장협)는 3일 사회적 나눔 운동 확산을 위해 사랑의 전화 마포종합사회복지관, 한국소아암재단, 사랑의 동산에 후원금을 전달했다고 밝혔다.</p>",https://www.chosun.com/resizer/v2/MQ2GIM3FMEYWGOJSGI4WEMRYGI.jpg?auth=2062ac4230c40799a3b880960038eeadc405258f46369194e4fc18300e3202c6&smart=true&width=447&height=147,,https://www.chosun.com/economy/stock-finance/2025/12/03/MRQTGYRWMM3DIMZQGY3GINRWGA/
"지드래곤, 반지+귀걸이만 '3천만 원'..뉴욕 샤넬쇼 또 뒤집었다 [Oh!쎈 이슈]",https://www.chosun.com/entertainments/broadcast/2025/12/03/GRRGKNRVMVTGKODFMI4WCM3EMY/,"Wed, 03 Dec 2025 07:40:00 +0000",,OSEN,"[OSEN=유수연 기자]&nbsp;지드래곤이 뉴욕에서 열린 샤넬 2026 공방 컬렉션 쇼에 참석해 현장을 달궜다.이날 지드래곤은 2026 봄-여름 레디-투-웨어 컬렉션 룩 26번 재킷과 풀오버를 착용했다.블랙 트위드 재킷 카라, 소매, 허리 라인을 장식한 아이보리 플라워 모티프 자수 디테일이 시선을 사로잡았다. 정교하게 솟아오른 텍스처 장식은 과장된 실루엣","<img src=""https://www.chosun.com/resizer/v2/GM4TENLGGRRTKYLBME4DKMJTMM.png?auth=60ff7b3322b1496b8488e85411aee0ce76052983cd3c877b8eb9aa917bad0fb1&smart=true&width=650&height=457"" alt="""" height=""457"" width=""650""/><p>[OSEN=유수연 기자]&nbsp;지드래곤이 뉴욕에서 열린 샤넬 2026 공방 컬렉션 쇼에 참석해 현장을 달궜다.</p>",https://www.chosun.com/resizer/v2/GM4TENLGGRRTKYLBME4DKMJTMM.png?auth=60ff7b3322b1496b8488e85411aee0ce76052983cd3c877b8eb9aa917bad0fb1&smart=true&width=650&height=457,,https://www.chosun.com/entertainments/broadcast/2025/12/03/GRRGKNRVMVTGKODFMI4WCM3EMY/
"류현진·김도영 합류, 김서현 제외…2026 WBC 1차 캠프 명단 확정",https://www.chosun.com/sports/2025/12/03/GQSRK63KYFGMTNIYFTYPXC366E/,"Wed, 03 Dec 2025 07:38:26 +0000",,박윤서,,"<img src=""https://www.chosun.com/resizer/v2/3OEC32664SYB4PMEQO4FREIT4Y.jpg?auth=5413d9efab98373b0da0cfc272475381beb9e9bbbdd4dafebef3db3a7f7ef675&smart=true&width=720&height=490"" alt=""구원 등판한 한화 류현진"" height=""490"" width=""720""/><p>국제대회 경험이 풍부한 베테랑 투수 류현진(한화 이글스)과 지난해 KBO리그 최우수선수(MVP)를 차지한 김도영(KIA 타이거즈)이 2026 월드베이스볼클래식(WBC)을 대비한 1차 캠프에 합류한다.</p>",https://www.chosun.com/resizer/v2/5UTZXVG7HRD5LEZ5MQB2IM2N5Q.jpg?auth=5c113d8111c747c46251783868451fad509359c5888f5befa1cfa34303f8a88d&smart=true&width=576&height=324,,https://www.chosun.com/sports/2025/12/03/GQSRK63KYFGMTNIYFTYPXC366E/
"카라 한승연, 5일 만에 전한 비보…아꼈던 동생과 가슴 아픈 이별",https://www.chosun.com/entertainments/broadcast/2025/12/03/MEYDONBYGJTGMMLDGYYDIYTEMI/,"Wed, 03 Dec 2025 07:38:00 +0000",,OSEN,[OSEN=장우영 기자] 그룹 카라 멤버 겸 배우 한승연이 사랑하는 동생을 떠나보냈다.3일 한승연은 자신의 소셜 계정에 &ldquo;20110220-20251128 11:30. 꼭 다시 만나 내 동생. 다음에 만날 때는 영원히 놀자&rdquo;라는 글과 함께 반려견이 무지개 다리를 건넜다고 밝혔다.한승연은 포메라니안 &lsquo;푸리&rsquo;와 푸들 &,"<img src=""https://www.chosun.com/resizer/v2/GE2GIOJZGFRGIN3BMU3TEODGMY.jpg?auth=30fcb12d91ec90584408e49447b1778089cd95a7150e0357c1a4c35500b5881e&smart=true&width=530&height=802"" alt="""" height=""802"" width=""530""/><p>[OSEN=장우영 기자] 그룹 카라 멤버 겸 배우 한승연이 사랑하는 동생을 떠나보냈다.</p>",https://www.chosun.com/resizer/v2/GE2GIOJZGFRGIN3BMU3TEODGMY.jpg?auth=30fcb12d91ec90584408e49447b1778089cd95a7150e0357c1a4c35500b5881e&smart=true&width=530&height=802,,https://www.chosun.com/entertainments/broadcast/2025/12/03/MEYDONBYGJTGMMLDGYYDIYTEMI/
"‘최형우 복귀’ 숙제 하나 끝낸 삼성, 내부 FA 집중…“강민호와 계속 만나는 중”",https://www.chosun.com/sports/2025/12/03/Q3CZPACJAZDX3IWEOL6NQS4O2U/,"Wed, 03 Dec 2025 07:37:12 +0000",,김희준,,"<img src=""https://www.chosun.com/resizer/v2/GI3WIMJQMQZDAMZTMRRDEOLCGA.jpg?auth=697f35e8acff525790546a9b2b2eb07b8083dfa4f9444512583e7e774b649ec6&smart=true&width=720&height=539"" alt=""최형우"" height=""539"" width=""720""/><p>프로야구 삼성 라이온즈가 이번 겨울 숙제를 하나 마쳤다. 프리에이전트(FA) 시장에 나온 최형우를 잡겠다는 숙제다.</p>",https://www.chosun.com/resizer/v2/GI3WIMJQMQZDAMZTMRRDEOLCGA.jpg?auth=697f35e8acff525790546a9b2b2eb07b8083dfa4f9444512583e7e774b649ec6&smart=true&width=720&height=539,,https://www.chosun.com/sports/2025/12/03/Q3CZPACJAZDX3IWEOL6NQS4O2U/
정동영 “내년을 한반도 평화공존 원년으로”… 평화자문단 첫 회의,https://www.chosun.com/economy/economy_general/2025/12/03/MZSDEOLCGMZWEY3FGJSGEYJQME/,"Wed, 03 Dec 2025 07:35:45 +0000",,배동주 기자(조선비즈), 정동영 통일부 장관이 “내년을 ‘한반도 평화공존의 원년’으로 만들기 위한 ‘페이스메이커’ 역할을 더욱 강화할 필요가 있다”고 3일 말했다. 정 장관은 이날 남북회담본부에서 열린 ‘한반도 평화전략 자문단’ 1차 회의에서 “도널드 트럼프 대통령이 방중하는 내년 4월까지가 한반도 평화를 위한 관건적 시기”라며 이같이 강조했다. 남북회담본부는 윤석열 정부의 폐지,"<img src=""https://www.chosun.com/resizer/v2/HE3WCNBSGE3TSMBTMUZDQOBUGE.jpg?auth=c65f06874d8cf7e9c21cb9fa37f11e27d858592a3842ebfb5f69f6e60be4ac35&smart=true&width=3300&height=2200"" alt=""정동영 통일부 장관. /뉴스1"" height=""2200"" width=""3300""/><p>정동영 통일부 장관이 “내년을 ‘한반도 평화공존의 원년’으로 만들기 위한 ‘페이스메이커’ 역할을 더욱 강화할 필요가 있다”고 3일 말했다.</p>",https://www.chosun.com/resizer/v2/HE3WCNBSGE3TSMBTMUZDQOBUGE.jpg?auth=c65f06874d8cf7e9c21cb9fa37f11e27d858592a3842ebfb5f69f6e60be4ac35&smart=true&width=3300&height=2200,,https://www.chosun.com/economy/economy_general/2025/12/03/MZSDEOLCGMZWEY3FGJSGEYJQME/
"원지, ’100만 구독자' 깨졌다…교도소 같은 사무실 여파",https://www.chosun.com/entertainments/2025/12/03/FVEEWRVHABG7PDIRMJZ7F5WVQA/,"Wed, 03 Dec 2025 07:35:40 +0000",,김건민 인턴,,"<img src=""https://www.chosun.com/resizer/v2/HFRDOZJWGQ2WCYLDGQ3DQMRYGY.jpg?auth=9d0bce81f921b2bf3c9f0c31979abb54fe0b990cd75c88f8d2daa285ce3e79dc&smart=true&width=720&height=405"" alt=""원지의 하루"" height=""405"" width=""720""/><p>‘직원 혹사 논란’으로 사과한 여행 유튜버 원지(본명 이원지)의 유튜브 채널 구독자 수가 빠르게 줄며 결국 100만명 아래로 떨어졌다.</p>",https://www.chosun.com/resizer/v2/OMJWILZWAZATXNAXFFGXWWUDS4.jpg?auth=7de48965475e676b8a483bf996dcd99b6f8dbd69bf781756ee2b94acb16a63ce&smart=true&width=514&height=339,,https://www.chosun.com/entertainments/2025/12/03/FVEEWRVHABG7PDIRMJZ7F5WVQA/
제주공항 국제여객수 300만명 눈앞...역대 최고치 갈아치웠다,https://www.chosun.com/national/regional/2025/12/03/WDJUK5CKF5BZTE4RSZCZ3AE6OI/,"Wed, 03 Dec 2025 06:10:56 +0000",,제주=오재용 기자,,"<img src=""https://www.chosun.com/resizer/v2/GQ2WGY3FMIZDCYTEMQ3TGNZWGY.jpg?auth=3ea637eb2cbb9b33a20fbcb12dd9daf42e67b9a3892f638b3e80948100256a3a&smart=true&width=800&height=419"" alt=""3일 오전 제주국제공항 1층 도착장에서 '제주공항 국제선 여객 역대 최다 달성 기념식'이 열렸다./한국공항공사 제주공항"" height=""419"" width=""800""/><p>올해 제주국제공항 국제선 여객 수가 280만 명을 돌파하며 역대 최다치를 갈아치웠다.</p>",,,https://www.chosun.com/national/regional/2025/12/03/WDJUK5CKF5BZTE4RSZCZ3AE6OI/
"대장암·갑상샘암 이긴 75세 탁송 기사, 배윤정 어머니였다",https://www.chosun.com/entertainments/2025/12/03/4X5DYCJMLJHHFOHJBSY5KTLIQY/,"Wed, 03 Dec 2025 07:33:37 +0000",,전재경,,"<img src=""https://www.chosun.com/resizer/v2/GBRDGYZQMJSDQZBZG43DONRXMI.jpg?auth=ef2d7c6b7007a75ded6103ac411a89fa6e72a8561ff3362c225f98872ef0f5e2&smart=true&width=720&height=478"" alt=""배윤정"" height=""478"" width=""720""/><p>안무가 배윤정의 어머니가 대장암과 갑상샘암을 이겨낸 75세 탁송 기사로 방송에 소개돼 화제를 모으고 있다.</p>",https://www.chosun.com/resizer/v2/GBRDGYZQMJSDQZBZG43DONRXMI.jpg?auth=ef2d7c6b7007a75ded6103ac411a89fa6e72a8561ff3362c225f98872ef0f5e2&smart=true&width=720&height=478,,https://www.chosun.com/entertainments/2025/12/03/4X5DYCJMLJHHFOHJBSY5KTLIQY/
“尹·계엄 세력과 정치적 단절” 국힘 의원 25명 고개숙여 사과,https://www.chosun.com/politics/politics_general/2025/12/03/GXRVTDIBLZEIBCDOQVS35DM344/,"Wed, 03 Dec 2025 03:04:30 +0000",,이해인 기자,,"<img src=""https://www.chosun.com/resizer/v2/NBMPEP2PK5JE3KPSHVUBWDQXPE.jpg?auth=93d271b4c8c82a2700afb857d3fa3eca1c9e0262f425e75c8871390108d6667a&smart=true&width=5092&height=2036"" alt=""국민의힘 이성권, 김용태 등 의원들이 3일 서울 여의도 국회 소통관에서 12.3 비상계엄 관련 입장 발표 기자회견을 열고 허리 숙여 사과하고 있다. /연합뉴스"" height=""2036"" width=""5092""/><p>국민의힘 의원 25명이 12·3 계엄 1년이 되는 3일 비상 계엄에 대해 사과하고 윤석열 전 대통령과의 정치적 단절을 약속했다. 같은 날 장동혁 국민의힘 대표가 “12·3 비상 계엄은 의회 폭거에 맞서기 위한 계엄이었다”고 하자 이와 별개로 사과문을 발표한 것이다. </p>",https://www.chosun.com/resizer/v2/G4CGEIVVBNGEPCDR2HLI2IJLXM.gif?auth=3a47291c6313e3b7b04c8e1b7dc372d2d71fd6981d00d3393bc12a2392f81f6a&smart=true&width=800&height=450,,https://www.chosun.com/politics/politics_general/2025/12/03/GXRVTDIBLZEIBCDOQVS35DM344/
"삼성 윤정빈, 6일 이효진 씨와 백년가약 ""와이프 만난 뒤 함께 성장한 느낌""",https://www.chosun.com/sports/baseball/2025/12/03/GBRDCY3DMI3DMZLCMQ3WCYRXG4/,"Wed, 03 Dec 2025 07:32:00 +0000",,OSEN,"[OSEN=손찬익 기자] 프로야구&nbsp;삼성 라이온즈 외야수 윤정빈이 오는 6일 신부 이효진 씨와 백년가약을 맺는다. 지인 소개로 만난 두 사람은 서로를 아끼고 응원하다 사랑의 결실을 맺게 됐다.윤정빈은&nbsp;&quot;와이프를 만나고부터 1군에 데뷔하고 함께 성장해온 거 같은 느낌이 든다. 결혼을 앞두고 잘 안 풀린 만큼 결혼 후에 더 발전하고, ","<img src=""https://www.chosun.com/resizer/v2/MMYGMYJXGZSWENZYGZSDSYTFMY.jpg?auth=4bdaa9b461f0aa666577ba2a7d9129c43d424afe51ca9b35cf3374ebfc12c748&smart=true&width=530&height=793"" alt="""" height=""793"" width=""530""/><p>[OSEN=손찬익 기자] 프로야구&nbsp;삼성 라이온즈 외야수 윤정빈이 오는 6일 신부 이효진 씨와 백년가약을 맺는다. 지인 소개로 만난 두 사람은 서로를 아끼고 응원하다 사랑의 결실을 맺게 됐다.</p>",https://www.chosun.com/resizer/v2/MMYGMYJXGZSWENZYGZSDSYTFMY.jpg?auth=4bdaa9b461f0aa666577ba2a7d9129c43d424afe51ca9b35cf3374ebfc12c748&smart=true&width=530&height=793,,https://www.chosun.com/sports/baseball/2025/12/03/GBRDCY3DMI3DMZLCMQ3WCYRXG4/
"사기죄 형량 ‘최대 30년’…형법 개정안, 국회 본회의 통과",https://www.chosun.com/national/court_law/2025/12/03/TBJJ4CNFXZAU5JU3SL4LOWWPRA/,"Wed, 03 Dec 2025 01:00:51 +0000",,김희래 기자,,"<p>법무부는 보이스피싱·투자 리딩방 등 불특정 다수를 상대로 사기를 저질러 형법상 사기죄로 처벌될 경우 최대 징역 30년까지 처할 수 있도록 한 형법 개정안이 국회 본회의를 통과했다고 3일 밝혔다.</p><img src=""https://www.chosun.com/resizer/v2/4BJCELYBUBI3ZNMCCYKPI3DXIY.jpg?auth=408c4dd28555b0b2dd690c0516078536e42891073e4ceef82d9e968fbc8e3b49&smart=true&width=3813&height=2606"" alt=""정성호 법무부 장관. /연합뉴스"" height=""2606"" width=""3813""/>",,,https://www.chosun.com/national/court_law/2025/12/03/TBJJ4CNFXZAU5JU3SL4LOWWPRA/
12월 과학기술인상에 이관형 서울대 교수,https://www.chosun.com/economy/science/2025/12/03/GRSDGNDCMEZGGMBWGYZTEYLCGQ/,"Wed, 03 Dec 2025 07:31:32 +0000",,홍아름 기자(조선비즈), 이달의 과학기술인상 12월 수상자로 이관형 서울대 재료공학부 교수가 선정됐다. 과기정통부와 연구재단은 2차원 반도체를 대면적으로 합성할 수 있는 혁신 기술인 ‘하이포택시’ 공정을 개발해 차세대 인공지능(AI) 반도체 발전의 기반을 마련한 이관형 교수를 수상자로 선정했다고 3일 밝혔다. ‘이달의 과학기술인상’은 최근 3년간 독창적인 연구 성과를 창출해 과학,"<img src=""https://www.chosun.com/resizer/v2/GM2TIMDBGBSDOZBYGVRGEMBTGI.jpg?auth=eaa019c6d9642539340af77f9bd2060c0e7688cbcc1b0ecc05b6813b9c8f28fc&smart=true&width=286&height=280"" alt=""이관형 서울대 재료공학부 교수./과학기술정보통신부"" height=""280"" width=""286""/><p>이달의 과학기술인상 12월 수상자로 이관형 서울대 재료공학부 교수가 선정됐다.</p>",https://www.chosun.com/resizer/v2/GM2TIMDBGBSDOZBYGVRGEMBTGI.jpg?auth=eaa019c6d9642539340af77f9bd2060c0e7688cbcc1b0ecc05b6813b9c8f28fc&smart=true&width=286&height=280,,https://www.chosun.com/economy/science/2025/12/03/GRSDGNDCMEZGGMBWGYZTEYLCGQ/
"한국 떠난 임효준, ‘린샤오쥔’으로 2026 올림픽 복귀",https://www.chosun.com/international/international_general/2025/12/03/YUCCXHYLQVCSBJR3J4K4BDWR3U/,"Wed, 03 Dec 2025 07:04:43 +0000",,정아임 기자,,"<img src=""https://www.chosun.com/resizer/v2/YKCHS25J7DKKKIKACXAFURSYMQ.jpg?auth=f935ff9ff160f447964bd4fbe4ca31c5582ebbb3ea609d531bb41164d06edae9&smart=true&width=1984&height=1328"" alt=""중국 대표팀 린샤오쥔(한국명 임효준)./뉴스1 "" height=""1328"" width=""1984""/><p>2018 평창 동계올림픽에서 한국 쇼트트랙 대표팀의 첫 금메달을 안겼던 임효준이 중국 귀화 후 ‘린샤오쥔’이라는 이름으로 다시 올림픽 무대에 선다.</p>",https://www.chosun.com/resizer/v2/4WO4Y7TVYJHXFI2RQFXZR26GH4.JPG?auth=8ec136651ab43530967d83da174ada9d18eab9f9ef0d052c83e12408ba94445f&smart=true&width=1417&height=1062,,https://www.chosun.com/international/international_general/2025/12/03/YUCCXHYLQVCSBJR3J4K4BDWR3U/
